{
  "results": [
    {
      "id": 3498,
      "name": "Grand Theft Auto V",
      "background_image": "https://media.rawg.io/media/games/456/456dea5e1c7e3cd07060c14e96612001.jpg",
      "rating": 4.48,
      "released": "17-09-2013",
      "genres": [
        {
          "id": 4,
          "name": "Action"
        },
        {
          "id": 3,
          "name": "Adventure"
        }
      ],
      "platforms": [
        {
          "platform": {
            "id": 4,
            "name": "PC"
          },
          "released_at": "2013-09-17",
          "requirements_en": {
            "minimum": "Minimum:OS: Windows 10 64 Bit, Windows 8.1 64 Bit, Windows 8 64 Bit, Windows 7 64 Bit Service Pack 1, Windows Vista 64 Bit Service Pack 2* (*NVIDIA video card recommended if running Vista OS)Processor: Intel Core 2 Quad CPU Q6600 @ 2.40GHz (4 CPUs) / AMD Phenom 9850 Quad-Core Processor (4 CPUs) @ 2.5GHzMemory: 4 GB RAMGraphics: NVIDIA 9800 GT 1GB / AMD HD 4870 1GB (DX 10, 10.1, 11)Storage: 72 GB available spaceSound Card: 100% DirectX 10 compatibleAdditional Notes: Over time downloadable content and programming changes will change the system requirements for this game.  Please refer to your hardware manufacturer and www.rockstargames.com/support for current compatibility information. Some system components such as mobile chipsets, integrated, and AGP graphics cards may be incompatible. Unlisted specifications may not be supported by publisher.     Other requirements:  Installation and online play requires log-in to Rockstar Games Social Club (13+) network; internet connection required for activation, online play, and periodic entitlement verification; software installations required including Rockstar Games Social Club platform, DirectX , Chromium, and Microsoft Visual C++ 2008 sp1 Redistributable Package, and authentication software that recognizes certain hardware attributes for entitlement, digital rights management, system, and other support purposes.     SINGLE USE SERIAL CODE REGISTRATION VIA INTERNET REQUIRED; REGISTRATION IS LIMITED TO ONE ROCKSTAR GAMES SOCIAL CLUB ACCOUNT (13+) PER SERIAL CODE; ONLY ONE PC LOG-IN ALLOWED PER SOCIAL CLUB ACCOUNT AT ANY TIME; SERIAL CODE(S) ARE NON-TRANSFERABLE ONCE USED; SOCIAL CLUB ACCOUNTS ARE NON-TRANSFERABLE.  Partner Requirements:  Please check the terms of service of this site before purchasing this software.",
            "recommended": "Recommended:OS: Windows 10 64 Bit, Windows 8.1 64 Bit, Windows 8 64 Bit, Windows 7 64 Bit Service Pack 1Processor: Intel Core i5 3470 @ 3.2GHz (4 CPUs) / AMD X8 FX-8350 @ 4GHz (8 CPUs)Memory: 8 GB RAMGraphics: NVIDIA GTX 660 2GB / AMD HD 7870 2GBStorage: 72 GB available spaceSound Card: 100% DirectX 10 compatibleAdditional Notes:"
          }
        },
        {
          "platform": {
            "id": 186,
            "name": "Xbox Series S/X"
          },
          "released_at": "2013-09-17",
          "requirements_en": {
            "minimum": "-",
            "recommended": "-"
          }
        },
        {
          "platform": {
            "id": 18,
            "name": "PlayStation 4"
          },
          "released_at": "2013-09-17",
          "requirements_en": {
            "minimum": "-",
            "recommended": "-"
          }
        },
        {
          "platform": {
            "id": 16,
            "name": "PlayStation 3"
          },
          "released_at": "2013-09-17",
          "requirements_en": {
            "minimum": "-",
            "recommended": "-"
          }
        },
        {
          "platform": {
            "id": 14,
            "name": "Xbox 360"
          },
          "released_at": "2013-09-17",
          "requirements_en": {
            "minimum": "-",
            "recommended": "-"
          }
        },
        {
          "platform": {
            "id": 1,
            "name": "Xbox One"
          },
          "released_at": "2013-09-17",
          "requirements_en": {
            "minimum": "-",
            "recommended": "-"
          }
        },
        {
          "platform": {
            "id": 187,
            "name": "PlayStation 5"
          },
          "released_at": "2013-09-17",
          "requirements_en": {
            "minimum": "-",
            "recommended": "-"
          }
        }
      ]
    }
  ]
}